{
    "top": -21.764906925357433,
    "bottom": -21.766023265411473,
    "left": -53.919207015218525,
    "right": -53.9175871616257
}
