{
    "top": -21.76454111243793,
    "bottom": -21.765653063473998,
    "left": -53.918766085503236,
    "right": -53.9171271276134
}
