{
    "top": -21.512852,
    "bottom": -21.514486,
    "left": -49.288775,
    "right": -49.286476
}
