{
    "top": -15.295442416255366,
    "bottom": -15.298368116510794,
    "left": -49.01325920618973,
    "right": -49.01224309783895
}
