{
  "top": -15.295442,
  "bottom": -15.298368,
  "left": -49.013259,
  "right": -49.012243
}
